﻿<?xml version="1.0" encoding="UTF-8"?>
<addon
  id="screensaver.pingpong"
  version="1.0.0"
  name="Ping Pong"
  provider-name="spiff">
  <requires>
    <c-pluff version="0.1"/>
  </requires>
  <extension
    point="xbmc.ui.screensaver"
    library_windows="screensaver.pingpong.dll"/>
  <extension point="xbmc.addon.metadata">
    <summary>Ping Pong screensaver</summary>
    <description>Ping Pong screensaver</description>
    <platform>windows</platform>
  </extension>
</addon>
