﻿<?xml version="1.0" encoding="UTF-8" standalone="yes"?>
<addon id="screensaver.xbmc.builtin.black"
       name="Black"
       version="1.0.29"
       provider-name="Team-Kodi">
  <extension point="xbmc.ui.screensaver" library=""/>
  <extension point="xbmc.addon.metadata">
    <summary lang="af_ZA">Sluimerskerm wat jou skerm swart maak.</summary>
    <summary lang="am_ET">መመልከቻ ማዳኛ የእርስዎን መመልከቻ ጥቁር ያደርገዋል </summary>
    <summary lang="ar_SA">شاشة التوقف التي تحول شاشتك لأسود</summary>
    <summary lang="be_BY">Ахоўнік экрану што робіць экран чорным</summary>
    <summary lang="bg_BG">Скрийнсейвър, който прави екрана черен</summary>
    <summary lang="ca_ES">Estalvi de pantalla que posa la pantalla en negre</summary>
    <summary lang="cs_CZ">Šetřič obrazovky, který začerní vaši obrazovku</summary>
    <summary lang="cy_GB">Ardwr sgrin sy'n troi eich sgrin yn ddu</summary>
    <summary lang="da_DK">Pauseskærm som gør din skærm sort</summary>
    <summary lang="de_DE">Bildschirmshoner, welcher den Bildschirm schwarz färbt</summary>
    <summary lang="el_GR">Προφύλαξη οθόνης που αμαυρώνει την οθόνη σας</summary>
    <summary lang="en_AU">Screensaver that turns your screen black</summary>
    <summary lang="en_GB">Screensaver that turns your screen black</summary>
    <summary lang="en_NZ">Screensaver that turns your screen black</summary>
    <summary lang="en_US">Screensaver that turns your screen black</summary>
    <summary lang="es_AR">Un protector de pantalla que pone la pantalla en negro</summary>
    <summary lang="es_ES">Un salvapantallas que pone la pantalla en negro</summary>
    <summary lang="es_MX">Protector de pantalla que obscurece la pantalla</summary>
    <summary lang="et_EE">Ekraanisäästja, mis muudab ekraani mustaks</summary>
    <summary lang="eu_ES">Zure pantaila belzten duen pantaila-babeslea</summary>
    <summary lang="fa_IR">محافظ خاموش کننده صفحه نمایش</summary>
    <summary lang="fi_FI">Tyhjä ruutu</summary>
    <summary lang="fr_CA">Un économiseur d'écran qui rend votre écran noir</summary>
    <summary lang="fr_FR">Un économiseur d'écran qui rend l'écran noir</summary>
    <summary lang="gl_ES"> Protector de pantalla que volta a súa pantalla negra</summary>
    <summary lang="he_IL">שומר מסך ההופך את המסך לשחור</summary>
    <summary lang="hr_HR">Čuvar zaslona koji pretvara zaslon u crno</summary>
    <summary lang="hu_HU">Képernyővédő ami elfeketíti a képernyőt</summary>
    <summary lang="id_ID">Screensaver yang mengubah layar menjadi hitam</summary>
    <summary lang="is_IS">Skjáhvíla sem sendir svart út á skjáinn</summary>
    <summary lang="it_IT">Salvaschermo che trasforma il tuo schermo in nero</summary>
    <summary lang="ja_JP">画面を黒くするスクリーンセーバー</summary>
    <summary lang="ko_KR">화면을 검게하는 화면 보호기</summary>
    <summary lang="lt_LT">Ekrano užsklanda, kuri paverčia jūsų ekraną juodu fonu</summary>
    <summary lang="lv_LV">Ekrānsaudzētājs, kas padara jūsu ekrānu melnu</summary>
    <summary lang="mk_MK">Заштита на екран која го прави екранот црн</summary>
    <summary lang="ms_MY">Penyelamat skrin yang memalapkan skrin anda</summary>
    <summary lang="nb_NO">Skjermsparer som gjør skjermen din svart</summary>
    <summary lang="nl_NL">Schermbeveiliging die uw scherm op zwart zet</summary>
    <summary lang="pl_PL">Wygaszacz ekranu wyświetlający czarny ekran</summary>
    <summary lang="pt_BR">Protetor de tela que deixa sua tela preta</summary>
    <summary lang="pt_PT">Um protetor de ecrã que coloca o seu ecrã negro</summary>
    <summary lang="ro_RO">Protector de ecran care afișează un ecran negru</summary>
    <summary lang="ru_RU">Заставка «чёрный экран»</summary>
    <summary lang="si_LK">ඔබගේ තිරය කළුවට හරවන තිරමෙහෙකරු </summary>
    <summary lang="sk_SK">Šetrič obrazovky, ktorú ju zmení na čiernu</summary>
    <summary lang="sl_SI">Ohranjevalnik zaslona, ki počrni zaslon</summary>
    <summary lang="sr_RS">Чувар екрана који зацрни ваш екран</summary>
    <summary lang="sr_RS@latin">Čuvar ekrana koji zacrni vaš ekran</summary>
    <summary lang="sv_SE">En skärmsläckare som gör din skärm svart</summary>
    <summary lang="tg_TJ">Пардаи экран бо таъсири «Пардаи экрани сиёҳ»</summary>
    <summary lang="th_TH">สกรีนเซฟเวอร์ที่จะพักหน้าจอของคุณให้เป็นสีดำ</summary>
    <summary lang="tr_TR">Ekranınızı siyah renge çeviren bir ekran koruyucu</summary>
    <summary lang="uk_UA">Заставка заповнює екран чорним кольором</summary>
    <summary lang="vi_VN">Trình bảo vệ màn hình này sẽ chuyển màn hình của bạn sang màu đen</summary>
    <summary lang="zh_CN">黑屏屏幕保护程序</summary>
    <summary lang="zh_TW">讓螢幕變全黑的螢幕保護程式</summary>
    <description lang="af_ZA">Die is 'n eenvoudige sluimerskerm wat jou skerm swart maak.</description>
    <description lang="am_ET">ጥቁር ቀላል መመልከቻ ማዳኛ የእርስዎን መመልከቻ ጥቁር ያደርገዋል </description>
    <description lang="ar_SA">بلاك شاشة توقف بسيطة تحول شاشتك لأسود</description>
    <description lang="be_BY">Black is a simple screensaver that will turn your screen black.</description>
    <description lang="bg_BG">"Black" е просто скрийнсейвър, който ще направи екрана Ви черен.</description>
    <description lang="ca_ES">Black és un estalvi de pantalla simple que posarà la teva pantalla en negre.</description>
    <description lang="cs_CZ">Black je jednoduchý šetřič obrazovky, který začerní vaši obrazovku.</description>
    <description lang="cy_GB">Mae Black yn arbedwr sgrin syml sy'n troi eich sgrin yn ddu.</description>
    <description lang="da_DK">Black er en simpel pauseskærm, der gør din skærm sort.</description>
    <description lang="de_DE">Black ist ein einfacher Bildschirmschoner, welcher den Bildschirm schwarz abdunkelt</description>
    <description lang="el_GR">Η Black είναι μία απλή προφύλαξη οθόνης που αμαυρώνει την οθόνη σας.</description>
    <description lang="en_AU">Black is a simple screensaver that will turn your screen black.</description>
    <description lang="en_GB">Black is a simple screensaver that will turn your screen black.</description>
    <description lang="en_NZ">Black is a simple screensaver that will turn your screen black.</description>
    <description lang="en_US">Black is a simple screensaver that will turn your screen black.</description>
    <description lang="es_AR">Black es un sencillo protector de pantalla que pone la pantalla en negro.</description>
    <description lang="es_ES">Black es un sencillo salvapantallas que pone la pantalla en negro.</description>
    <description lang="es_MX">Black es un simple protector de pantalla que la obscurece.</description>
    <description lang="et_EE">Must on lihtne ekraanisäästja, mis muudab sinu ekraani mustaks.</description>
    <description lang="eu_ES">Black zure pantaila belzten duen pantaila-babesle soil bat da.</description>
    <description lang="fa_IR">Black یک محافظ ساده است که صفحه نمایش را خاموش می کند.</description>
    <description lang="fi_FI">Black on yksinkertainen näytönsäästäjä, joka muuttaa ruudun mustaksi.</description>
    <description lang="fr_CA">Black est un économiseur d'écran simple qui rend votre écran noir.</description>
    <description lang="fr_FR">Black est un simple économiseur qui passe l'écran au noir.</description>
    <description lang="gl_ES">Black é un  protector de pantalla que voltará a súa pantalla a negro.</description>
    <description lang="he_IL">Black הוא שומר מסך פשוט אשר צובע את המסך בשחור.</description>
    <description lang="hr_HR">Black je jednostavni čuvar zaslona koji pretvara zaslon u crno.</description>
    <description lang="hu_HU">A Black egy egyszerű képernyővédő ami feketévé változtatja a képernyőt.</description>
    <description lang="id_ID">Hitam adalah sebuah screensaver sederhana yang mengubah layar menjadi hitam.</description>
    <description lang="is_IS">Black er einföld skjáhvíla sem sendir svart út á skjáinn.</description>
    <description lang="it_IT">Black è un semplice salvaschermo che trasforma il tuo schermo in nero.</description>
    <description lang="ja_JP">Black はシンプルなスクリーンセーバーで、画面を黒くします。</description>
    <description lang="ko_KR">블랙 화면보호기는 화면을 검게 만들어줍니다.</description>
    <description lang="lt_LT">'Juodas' yra paprasta ekrano užsklanda, kuri pavers jūsų ekraną juodu fonu.</description>
    <description lang="lv_LV">Melns ir vienkāršs ekrānsaudzētājs, kas padara jūsu ekrānu melnu.</description>
    <description lang="mk_MK">Црна е едноставна заштита на екран која екранот го прави црн.</description>
    <description lang="ms_MY">Gelap adalah penyelamat skrin mudah yang menjadikan skrin anda malap</description>
    <description lang="nb_NO">Black er en enkel skjermsparer som gjør skjermen din svart.</description>
    <description lang="nl_NL">Black is een eenvoudige schermbeveiliging die uw scherm op zwart zet.</description>
    <description lang="pl_PL">Ten wygaszacz ekranu wyświetla czarny ekran. Staraj się używać go na wyświetlaczach CRT i unikaj na LCD.</description>
    <description lang="pt_BR">Black é um protetor de tela que vai deixar sua tela preta</description>
    <description lang="pt_PT">O Black é um protetor de ecrã simples que coloca o seu ecrã negro.</description>
    <description lang="ro_RO">Black este un protector de ecran simplu care afișează negru pe ecran.</description>
    <description lang="ru_RU">Это простая заставка, которая делает экран чёрным.</description>
    <description lang="si_LK">කළු ඔබගේ තිරය කළුවට හරවන සරල තිරමෙහෙකරුවෙකි. </description>
    <description lang="sk_SK">Black je jednoduchý šetrič, ktorý zmení vašu obrazovku na čiernu.</description>
    <description lang="sl_SI">Black je enostaven ohranjevalnik zaslona, ki počrni zaslon.</description>
    <description lang="sr_RS">Црно је једноставан чувар екрана који ће зацрнити ваш екран.</description>
    <description lang="sr_RS@latin">Crno je jednostavan čuvar ekrana koji će zacrniti vaš ekran.</description>
    <description lang="sv_SE">Detta är en enkel skärmsläckare som gör din skärm svart.</description>
    <description lang="tg_TJ">Ин пардаи экрани осон мебошад, ки таъсири «Пардаи экрани сиёҳ»-ро истифода мебарад.</description>
    <description lang="th_TH">หน้าจอสีดำเป็นสกรีนเซฟเวอร์แบบง่ายๆที่จะเปิดหน้าจอของคุณให้เป็นสีดำ</description>
    <description lang="tr_TR">Siyah, ekranınızı siyaha çeviren basit bir ekran koruyucusudur.</description>
    <description lang="uk_UA">Black є простою заставкою що заповнює екран чорним кольором.</description>
    <description lang="vi_VN">Màu đen là một trình bảo vệ màn hình đơn giản nhất</description>
    <description lang="zh_CN">黑屏屏保是一个简单的屏幕保护程序，它使你的显示器进入黑屏状态。</description>
    <description lang="zh_TW">Black 是一個讓螢幕變全黑的螢幕保護程式。</description>
    <platform>all</platform>
  </extension>
</addon>
