<?xml version="1.0" encoding="UTF-8" standalone="yes"?>
<addon id="plugin.video.Wizard" 
	   name="plugin.video.Wizard" 
	   version="1.0.1" 
	   provider-name="COMPUTER JOSE 2018">
  <requires>
    <import addon="xbmc.python" version="2.1.0"/>
  </requires>
  <extension point="xbmc.python.pluginsource" library="default.py">
        <provides>executable</provides>
  </extension>
  <extension point="xbmc.addon.metadata">
    <summary>Wizard</summary>
    <description>Instalador inteligente creado por jose que ayuda a configurar tu Kodi correctamente</description>
    <platform>all</platform>
  </extension>
</addon>
