<?xml version="1.0" encoding="UTF-8" standalone="yes"?>
<addon id="plugin.video.Netai-Wizard-17.5" 
	   name="Netai Wizard"
	   version="1.1.5"
	   provider-name="Grupo-Netai">
  <requires>
    <import addon="xbmc.python" version="2.1.0"/>
  </requires>
  <extension point="xbmc.python.pluginsource" library="default.py">
        <provides>executable</provides>
  </extension>
  <extension point="xbmc.addon.metadata">
    <summary>Wizard</summary>
    <description>Configura tu Kodi para funcionar correctamente. </description> <!-- PEQUEÑA INTRO  -->
    <platform>all</platform>
  </extension>
</addon>
