<?xml version="1.0" encoding="UTF-8" standalone="yes"?>
<addon id="metadata.tvdb.com"
       name="The TVDB"
       version="1.8.4"
       provider-name="Team Kodi">
  <requires>
    <import addon="xbmc.metadata" version="2.1.0"/>
    <import addon="metadata.common.imdb.com" version="2.7.8"/>
  </requires>
  <extension point="xbmc.metadata.scraper.tvshows"
             language="multi"
             library="tvdb.xml"
             cachepersistence="00:15"/>
  <extension point="xbmc.addon.metadata">
    <summary lang="af">Gaan haal TV vertoning metadata vanaf TheTVDB.com</summary>
    <summary lang="be">Fetch TV show metadata from TheTVDB.com</summary>
    <summary lang="bg">Изтегля информация за ТВ Сериали от TheTVDB.com</summary>
    <summary lang="ca">Obté les metadades de les sèries de televisió de TheTVDB.com</summary>
    <summary lang="cs">Získat metadata televizního pořadu z TheTVDB.com</summary>
    <summary lang="cy">Estyn metadata sioeau Teledu o TheTVDB.com</summary>
    <summary lang="da">Hent metadata til TV-serier fra TheTVDB.com</summary>
    <summary lang="de">Lade TV-Show-Metadaten von TheTVDB.com</summary>
    <summary lang="el">Λήψη μετα-δεδομένων σειρών από το TVDB.com</summary>
    <summary lang="en">Fetch TV show metadata from TheTVDB.com</summary>
    <summary lang="en_NZ">Fetch TV show metadata from TheTVDB.com</summary>
    <summary lang="en_US">Fetch TV show metadata from TheTVDB.com</summary>
    <summary lang="es">Recuperar metadatos de series de TV en TheTVDB.com</summary>
    <summary lang="es_AR">Recuperar metadatos de series de TV en TheTVDB.com</summary>
    <summary lang="es_MX">Obtener metadata de Series desde TheTVDB.com</summary>
    <summary lang="et">Hangi tv seriaalide metainfo TheTVDB.com-ist</summary>
    <summary lang="fi">Nouda TV-ohjelmien tietoja TheTVDB.com -sivustolta</summary>
    <summary lang="fr">Collecter les métadonnées des séries TV depuis TheTVDB.com</summary>
    <summary lang="fr_CA">Récupérer les métadonnées pour les séries télé depuis TVDB.com</summary>
    <summary lang="gl">Obter os metadatos das series de TV dende TheTVDB.com</summary>
    <summary lang="he">הבא מידע </summary>
    <summary lang="hi">द टी भी दी बी.कॉम से टी वी प्रदर्शन लाए</summary>
    <summary lang="hr">Nabavi informacije za TV serije s TheTVDB.com</summary>
    <summary lang="hu">TV műsor információk a TheTVDB.com-ról</summary>
    <summary lang="id">Ambil metadata Serial TV dari TheTVDB.com</summary>
    <summary lang="is">Sækja Sjónvarpsþátta lýsigögn frá TheTVDB.com</summary>
    <summary lang="it">Scarica informazioni programma TV da TheTVDB.com</summary>
    <summary lang="ja">TheTVDB.com からTV番組メタデータを取得</summary>
    <summary lang="ka">სატელევიზიო გადაცემების მეტაინფორმაციის გადმოტანა TVDB.com-დან</summary>
    <summary lang="ko">TheTVDB.com 에서 TV 쇼 정보 가져오기</summary>
    <summary lang="lt">Parsiųsti TV šou (serialo) metaduomenis iš TheTVDB.com</summary>
    <summary lang="mk">Превземи ТВ шоу метаподаток од TVDB.com</summary>
    <summary lang="ms">Dapatkan data meta rancangan TV dari TheTVDB.com</summary>
    <summary lang="my">TV show နှင့်ပတ်သက်သည့် အချက်အလက်များကို TheTVDB.com မှ ရယူရန်</summary>
    <summary lang="nl">Seriemetadata ophalen van TheTVDB.com</summary>
    <summary lang="no">Hent TV program data fra TheTVDB.com</summary>
    <summary lang="pl">Pobieraj dane o serialach telewizyjnych z TheTVDB.com </summary>
    <summary lang="pt">Obtenha metadados para séries TV a partir de TVDB.com</summary>
    <summary lang="pt_BR">Obtenha dados dos seriados do TheTVDB.com</summary>
    <summary lang="ro">Obţineţi datele despre seriale de la TheTVDB.com</summary>
    <summary lang="ru">Загрузка информации о ТВ-шоу с TheTVDB.com</summary>
    <summary lang="se">Skrapa för TV-seriemetadata från TVDB.com</summary>
    <summary lang="sk">Získať metadáta o televíznej relácii zo stránky TheTVDB.com</summary>
    <summary lang="sl">Prenesite informacije o TV serijah z TheTVDB.com</summary>
    <summary lang="sq">Merr "metadata" mbi TV serialet nga TheTVDB.com</summary>
    <summary lang="sv">Hämta TV-seriemetadata från TVDB.com</summary>
    <summary lang="ta_IN">TheTVDB.com இருந்து தொலைக்காட்சி நிகழ்ச்சி மெட்டாடேட்டா எடுக்கபடுகின்றது</summary>
    <summary lang="th">เรียกข้อมูลหลักของรายการทีวี จาก TheTVDB.com</summary>
    <summary lang="tr">TV programı meta verilerini TheTVDB.com'dan al</summary>
    <summary lang="uk">Отримання відомостей про серіали із TheTVDB.com</summary>
    <summary lang="vi">Trình lấy TV show từ TheTVDB.com</summary>
    <summary lang="zh">从 TheTVDB.com 获取电视剧集信息</summary>
    <summary lang="zh_TW">從 TheTVDB.com 取得電視節目資訊</summary>
    <description lang="af">TheTVDB.com is 'n TV Skraper. Die werf is 'n massiewe oop databasis wat deur enige iemand verander kan word en bevat vol meta data vir baie vertonings in verskillende tale. Alle inhoud en prente op die werf is bygedra deur sy gebruikers vir sy gebruikers en het 'n hoë standaard van kwaliteit. Die databasis skema en webruimte is oopbron onder die GPL.</description>
    <description lang="be">TheTVDB.com is a TV Scraper. The site is a massive open database that can be modified by anybody and contains full meta data for many shows in different languages. All content and images on the site have been contributed by their users for users and have a high standard or quality. The database schema and website are open source under the GPL.</description>
    <description lang="bg">TheTVDB.com предоставя информация за ТВ Сериали. Сайтът е масивна отворена база данни, която може да бъде променяна от всеки и съдържа пълни мета данни за много сериали на различни езици. Цялото съдържание и изображенията в сайта са предоставени от неговите потребители за други потребители и имат високо ниво на качество. Структурата на базата данни и уеб сайта са създадени с отворен код под GPL лиценз.</description>
    <description lang="ca">TheTVDB.com és un raspador de TV. El lloc és una base de dades oberta massiva que pot ser modificat per qualsevol persona i conté metadades completes de molts programes en diferents idiomes. Tot el contingut i imatges en el lloc han estat aportat pels usuaris per als usuaris i tenen un alt nivell o qualitat. L'esquema de la base de dades i la pàgina web són de codi obert sota la llicència GPL.</description>
    <description lang="cs">TheTVDB.com je zdroj metadat pro televizní pořady. Stránka je masivní otevřená databáze, kterou může kdokoliv upravovat a obsahuje veškerá metadata v různých jazycích k mnoha pořadům. Všechen obsah a obrázky jsou poskytnuty uživateli pro uživatele a mají vysokou kvalitu. Návrhový vzor databáze a webová stránka jsou svobodný software licencovaný pod GPL.</description>
    <description lang="cy">Mae TheTVDB.com yn Grafwr Teledu. Mae'r wefan yn gronfa ddata anferthol agored y mae modd ei addasu gan unrhyw un  ac yn cynnwys meta data llaw llawer o sioeau mewn ieithoedd gwahanol. Mae'r holl gynnwys a delweddau ar y wefan wedi ei gyfrannu gan eu defnyddwyr ac i safon uchel . Mae cynllun y gronfa ddata a'r wefan yn god agored o dan y GPL.</description>
    <description lang="da">TheTVDB.com er en TV-scraper. Siden er en massiv åben database, som alle kan modificere, og den indeholder fyldestgørende metadata for mange serier på forskellige sprog. Alt indhold og alle billeder på siden er tilføjet af brugere og har en høj standard eller kvalitet. Databasens model og webside er open source under GPL.</description>
    <description lang="de">TheTVDB.com ist ein Scraper für TV-Shows. Die Seite ist eine riesige, offene Datenbank, die von jedem angepasst werden kann und weitreichende Metadaten für viele TV-Shows, in verschiedenen Sprachen, enthält. Alle Inhalte und Bilder dieser Seite wurden von Benutzern für Benutzer zusammengetragen und folgen dabei dem hohen Standard für Qualität. Das Datenbankschema sowie die Webseite sind nach der GPL-Lizenvereinbarung OpenSource.</description>
    <description lang="el">Το TVDB.com είναι ένα Scraper Τηλεόρασης. Η ιστοσελίδα είναι μία τεράστια ανοικτή βάση δεδομένων η οποία μπορεί να τροποποιηθεί από τον καθένα και περιέχει πλήρη μετα-δεδομένα για πολλές σειρές σε διάφορες γλώσσες. Όλο το περιεχόμενο και οι εικόνες στην ιστοσελίδα προέρχονται από τους χρήστες του, και έχουν υψηλά πρότυπα ποιότητας. Το σχήμα της βάσης δεδομένων και της ιστοσελίδας είναι ανοικτού κώδικα υπό το GPL.</description>
    <description lang="en">TheTVDB.com is a TV Scraper. The site is a massive open database that can be modified by anybody and contains full meta data for many shows in different languages. All content and images on the site have been contributed by their users for users and have a high standard or quality. The database schema and website are open source under the GPL.</description>
    <description lang="en_NZ">TheTVDB.com is a TV Scraper. The site is a massive open database that can be modified by anybody and contains full meta data for many shows in different languages. All content and images on the site have been contributed by their users for users and have a high standard or quality. The database schema and website are open source under the GPL.</description>
    <description lang="en_US">TheTVDB.com is a TV Scraper. The site is a massive open database that can be modified by anybody and contains full meta data for many shows in different languages. All content and images on the site have been contributed by their users for users and have a high standard or quality. The database schema and website are open source under the GPL.</description>
    <description lang="es">TheTVDB.com es un scraper de TV. El sitio es una enorme base de datos abierta que puede ser modificada por cualquiera y que contiene metadatos completos de muchas series en diferentes idiomas. Todos los contenidos e imágenes del sitio han sido aportados por sus usuarios y tienen una alta calidad. El esquema de base de datos y sitio web son de código abierto bajo la licencia GPL.</description>
    <description lang="es_AR">TheTVDB.com es un scraper de TV. El sitio es una enorme base de datos abierta que puede ser modificada por cualquiera y que contiene metadatos completos de muchas series en diferentes idiomas. Todos los contenidos e imágenes del sitio han sido aportados por sus usuarios y tienen una alta calidad. El esquema de base de datos y sitio web son de código abierto bajo la licencia GPL.</description>
    <description lang="es_MX">TheTVDB.com es un scraper de series de TV. Este sitio es una base de datos masiva y abierta que puede ser modicada por cualquiera y contiene metadata completa para muchas series en diferentes lenguajes. Todo el contenido e imágenes del sitio han sido contribuidos por sus usuarios para usuarios, los cuales tienen un alto estándar de calidad. El esquema de la base de datos y el sitio web son de código abierto bajo GPL.</description>
    <description lang="et">TheTVDB.com on seriaalide kraabits. See leht on mahukas avatud andmebaas mida saavad täiendad kõik ja sisaldab palju metaandmeid suure hulga seriaalide kohta. Kõik sisu ja pildid lehel on kasutajate poolt sisestatud ning vastavad kõrgele kvaliteedile. TheTVDB.com andmebaasi struktuur ja kood on avaldatud GPLi all.</description>
    <description lang="fi">TheTVDB.com on TV-ohjelmatietojen lataaja. Sivusto on massiivinen avoin tietokanta, jonka tietoja kaikki pystyy muokkaamaan ja se sisältää täydet tiedot monista TV-ohjelmista usealla eri kielellä. Kaikki sivuston sisältö ja kuvat on korkealaatuisia ja käyttäjien lahjoittamia. Tietokanta ja sivusto ovat GPL-lisenssin alaisia.</description>
    <description lang="fr">TheTVDB.com est un collecteur TV. Le site est une immense base de données libre pouvant être modifiée par tout le monde et contenant toutes les informations de nombreuses séries en différentes langues. Les informations et images du site proviennent de contributions d'utilisateurs pour les usagers et sont d'excellentes qualités. Le schéma de la base de données et le site Web sont en open source sous licence GPL.</description>
    <description lang="fr_CA">TheTVDB est un extracteur pour séries télé. Ce site est une énorme base de données ouverte qui peut être modifiée par n'importe qui et qui comprend des métadonnées complètes pour beaucoup de séries télé dans plusieurs langues. Tout le contenu et les images présentes sur le site ont été fournis par les utilisateurs et possèdent un haut niveau de qualité. La structure de la base de données et le site Web sont libres et sous licence GPL.</description>
    <description lang="gl">TheTVDB.com é un Scraper de TV. O sitio é unha enorme base de datos aberta que calquera pode modificar e contén todos os metadatos de centos de series en diferentes idiomas. Todo o contido e imaxes do sitio foi proporcionado polos seus usuarios e amosa un grande estándar de calidade. O esquema da base de datos e o sitio web son de código aberto baixo licenza GPL.</description>
    <description lang="he">TheTVDB.com הוא סקרייפר עבור תוכניות טלוויזיה. אתר זה הוא מסד נתונים פתוח עצום אשר כל אחד יכול לערוך ומכיל פרטים מלאים להרבה תוכניות טלוויזיה בשפות שונות. כל התכנים והתמונות באתר נתרמו ע"י המשתמשים שלה עבור משתמשים וישנו סטנדרט גבוה או איכות גבוהה. תכנית המסד נתונית והאתר הם בקוד פתוח תחת ה-GPL.</description>
    <description lang="hi">टीभीडीबी एक टीभी स्क्रॅपर है.येह साइट एक बहुत बरा खुला डेटाबेस है जो किसी से भी रूपांतर्न किया जा सकता है और यह ह्र भासाओ मे सभी प्रदर्शन के लिए मीटा दाता रखता है.सभी सामग्री और चित्र यूज़र के लिए यूज़र का योगदान है और उच्च मानक या गुणवत्ता रखता है.डेटाबेस स्कीम और वेबसाइट जीपील् की अंतर्गत ओपन सोर्स है.</description>
    <description lang="hr">TheTVDB.com je sakupljač informacija za TV programe. Stranica je ogromna otvorena baza podataka koju može bilo tko mijenjati i sadrži mnogo informacija za različite serije na različitim jezicima. Sav sadržaj i slike postavili su korisnici za ostale korisnike i visoke su kvalitete. Shema baze podataka i web stranice su otvorenog kôda pod GPL licencom.</description>
    <description lang="hu">A TheTVDB.com egy TV műsor leolvasó. Az oldal egy hatalmas adatbázis amit bárki szabadon módosíthat és rengeteg TV műsor adatait tartalmazza különböző nyelveken. A minőségi tartalom és képanyag ezen az oldalon felhasználóktól származik más felhasználók számára. Az adatbázisstruktúra és a weblap nyílt forráskódú a GPL licenc alatt.</description>
    <description lang="id">TheTVDB.com adalah pengais Serial TV. Situs ini adalah database yang sangat besar dan terbuka yang dapat dimodifikasi oleh semua orang dan mengandung meta data yang penuh untuk banyak Serial TV di bahasa yang berbeda. Semua konten dan gambar dalam situ ini dikontribusikan oleh penggunanay untuk pengguna dan memiliki standar dan kualitas tinggi. Skema database dan situs adalah open-source dengan lisensi GPL.</description>
    <description lang="is">TheTVDB.com er sjónvarpsskafa.. Þessi veita er risastór opinn gagnagrunnur sem allir geta breytt og er með öll lýsigögn fyrir fullt af þáttum á mörgum tungumálum. Allt efni og myndir á veitunni er sett inn af notendum fyrir notendur og eru í háum staðli eða gæðum. Uppsetning gagnagrunnsins og vefsíðan eru 'open source under the GPL'</description>
    <description lang="it">TheTVDB.com è uno scraper di programmi TV. Questo sito è un enorme database che può essere modificato da chiunque, e contiene tutte le informazioni di molti show in varie lingue. Tutti i contenuti e le immagini sul sito sono stati forniti dagli utenti, ed hanno un alto standard di qualità. Lo schema del database e il sito internet sono open source sotto licenza GPL.</description>
    <description lang="ja">TheTVDB.com は TV スクレーパーです。本サイトは強力でオープンなデータベースで、誰もが追加修正可能です。テレビ番組のメタデータは多くの言語で提供されています。番組情報や画像データはユーザにより提供され、そのクオリティは非常に高いものです。データベーススキーマと web サイトは GPL ライセンスのオープンソースです。</description>
    <description lang="ko">TheTVDB.com 은 TV 정보수집기입니다. 위 사이트는 이용자가 직접 수정할 수 있으며 다양한 언어의 완전한 메타 데이터를 포함하는 방대한 오픈 데이터베이스입니다. 사이트의 모든 콘텐츠와 이미지들은 사이트 이용자들이 다른 이용자들을 위해 제공한 것이며 높은 품질을 가지고 있습니다. 웹사이트와 데이터베이스 스키마는 GLP 오픈소스입니다.</description>
    <description lang="lt">TheTVDB.com yra TV Scraper. Ši svetainė yra didžiulė atvira duomenų bazė, kuria gali pakeisti bet kas ir kurioje visa meta duomenis bazė daugelo šou įvairiomis kalbomis. Visas svetainės turinys atnaujinamas/papyldomasvartotojų ir turi aukštą kokybės standartą. Duomenų bazės ir svetainės yra atviro kodo pagal GPL standartą.</description>
    <description lang="mk">TheTVDB.com is a TV Scraper. The site is a massive open database that can be modified by anybody and contains full meta data for many shows in different languages. All content and images on the site have been contributed by their users for users and have a high standard or quality. The database schema and website are open source under the GPL.</description>
    <description lang="ms">TheTVDB.com adalah Pengikis TV. Laman tersebut merupakan pangkalan data terbuka yang amat besar dan boleh diubahsuai oleh sesiapa pun dan juga mengandungi data meta pelbagai rancangan  dalam pelbagai bahasa. Semua kandungan dan imej di laman ini disumbang oleh pengguna mereka untuk pengguna mereka dan mempunyai piawaian dan kualiti yang amat tinggi. Skema pangkalan data dan laman adalah sumber terbuka dibawah GPL.</description>
    <description lang="my">TheTVDB.com သည် TV Scraper ဖြစ်သည်။ database ထဲတွင် အချက်အလက်များစွာရှိနေပြီး မည်သူမဆို မည်သည့် ဘာသာစကားနှင့် မဆို ဝင်ရောက်ပြုပြင် နိုင်သည်။ အချက်အလက်များနှင့် ပုံများသည် ၎င်းတို့၏ အသုံးပြုသူများမှ အခြားအသုံးပြုသူများအတွက် ပံ့ပိုးထားသော အဆင်မြင့် အရေအသွေးများဖြစ်သည်။ website နှင့် database သည် open source GPL လိုင်စင် ကို အသုံးပြုထားသည်။</description>
    <description lang="nl">TheTVDB.com is een seriescraper. De site is een gigantische open databank die iedereen kan aanpassen en uitbreiden, en biedt metadata aan voor TV-series in verschillende talen. Alle inhoud en afbeeldingen zijn afkomstig van gebruikers en moeten een grondige kwaliteitscontrole doorstaan. Het databankschema en de websitecode zijn vrijgegeven onder de open source GPL-licentie.</description>
    <description lang="no">TheTVDB.com er en Tv Skraper. Siden er en massiv åpen database som kan endres av alle og inneholder data for mange forskjellige programmer på mange språk. Alt innholdet og bildene på siden er lagt til av brukere for brukere og har høy standard og kvalitet. Database skjemaet og websiden er åpen kildekode underlagt GPL.</description>
    <description lang="pl">TheTVDB.com jest ekstraktorem informacji o serialach telewizyjnych. Serwis jest ogromną, wielojęzykową i otwartą bazą danych o serialach, którą może edytować każdy. Zawartość tego serwisu została stworzona przez użytkowników, dla użytkowników. Dostępne materiały są najwyższej jakości.</description>
    <description lang="pt">O TheTVDB.com é um colector para séries TV. O site é uma gigantesca base de dados livre que pode ser alterada por qualquer pessoa e contém informação em várias línguas. Todos os conteúdos do site foram enviados por utilizadores e têm um elevado padrão de qualidade. A base de dados e o site funcionam sob uma licença GPL de software livre.</description>
    <description lang="pt_BR">TheTVDB.com é um scraper de seriados. O site é um enorme banco de dados aberto que pode ser modificado por qualquer pessoa e contém metadados completos de muitos seriados em diferentes idiomas. Todos os conteúdos e imagens no site foram contribuições de usuários para usuários e têm um alto padrão de qualidade. O esquema do banco de dados e do site são de código aberto sob a licença GPL.</description>
    <description lang="ro">TheTVDB.com este un colectore TV. Site-ul este o bază de date masivă, deschisă, ce poate fi modificată de oricine şi conţine date complete despre multe seriale în diferite limbi. Tot conţinutul site-ului a fost contribuit de către utilizatori pentru utilizatori şi are un standard de caliate înalt. Schema bazei de date şi site-ul au sursele libere sub licenţă GPL.</description>
    <description lang="ru">TheTVDB.com — это инфоресурс для сериалов. Сайт представляет собой огромную открытую базу данных, в которую может вносить данные любой пользователь и которая содержит полные мета-данные для многих сериалов на различных языках. Всё содержимое и изображения на сайте были выложены его пользователями для других пользователей и имеют высокий уровень качества. Структура базы данных и веб-сайт созданы с открытым исходным кодом по лицензии GPL.</description>
    <description lang="se">TVDB.com är en TV-skrapa. Sajten är en massiv öppen databas som kan ändras av vem som helst och innehåller full metadata för mängder av serier på olika språk. Allt innehåll och bilder på sajten har bidragits av användare för användare och har en hög standard eller kvalitet. Databasschemat och webbsidan är licensierat som GPL.</description>
    <description lang="sk">TheTVDB.com je zdroj získavania dát ohľadom TV. Táto stránka je obrovskou otvorenou databázou, ktorú môže upravovať ktokoľvek a obsahuje úplne metadáta pre mnoho relácií v rôznych jazykoch. Všetok obsah a obrázky na stránke bol dodaný samotnými používateľmi pre používateľov a udržuje si vysoký štandard a kvalitu. Schéma databázy a webová stránka sú dostupné vo forme open source v súlade s licenciou GPL.</description>
    <description lang="sl">TheTVDB.com je ponudnik informacij o TV serijah. Stran je masovna odprta baza podatkov, ki jo lahko dopolni kdorkoli, in vsebuje informacije o najrazličnejših TV serijah v več jezikih. Vsa vsebina in slike so bile dodane s strani uporabnikov in imajo visok nivo kvalitete. Shema baze in spletna stran sta odprtokodni pod GPL.</description>
    <description lang="sq">TheTVDB.com është një "TV Scraper". Kjo faqe është nje bazë e të dhënave e hapur që mund të modifikohet nga si cili dhe përmbanë metadata  për shumë seriale në gjuhë të ndryshme. Gjitha të dhënat dhe imazhet në këtë faqe janë kontribuar nga përdoruesit për përdoruesit dhe kanë një standard dhe kualitet të lartë. Skema e bazës së të dhënave dhe sajti i uebit janë open source nën liçensën GPL.  </description>
    <description lang="sv">TVDB.com är en TV-skrapa. Sajten är en massiv öppen databas som kan bli modifierad av vem som helst och innehåller all metadata för många serier på olika språk. Allt innehåll och bilder på sidan har bidragits av användare för användare och har hög standard eller kvalitet. Databasschemat och sidan är öppen källkod licensierat under GPL.</description>
    <description lang="ta_IN">TheTVDB.com ஒரு தொலைக்காட்சி சுரண்டி. இந்த இணையத்தளத்தில் ஒரு பெரிய தரவுத்தளம் உள்ளது. இதில் எல்லா மொழிகளின் மேட்டாடேட்டா உள்ளது. அனைத்து தகவல்களும் படங்களும் அதன் பயனர்களின் சேகரிப்புஆகும். GPL லைசன்சில் உள்ளது.</description>
    <description lang="th">TheTVDB.com เป็นตัวดึงข้อมูลทีวี เว็บไซต์เป็นฐานข้อมูลเปิดขนาดใหญ่ที่สามารถแก้ไขได้โดยทุกคนและมีข้อมูลขั้นสูงเต็มรูปแบบ สำหรับหลาย ๆ รายการ ในแต่ละภาษาที่แตกต่างกัน เนื้อหาและรูปภาพทั้งหมดในเว็บไซต์ ได้รับการสนับสนุนโดยผู้ใช้เพื่อผู้ใช้ มีคุณภาพและมาตรฐานที่สูง schemaของฐานข้อมูลและเว็บไซต์ได้เปิดภายใต้ GPL</description>
    <description lang="tr">TheTVDB.com bir TV Scraper'dır. Bu site herkesin düzenleyebileceği büyük bir açık veritabanıdır ve farklı dillerdeki bir çok şov için bilgiler içerir. Sitedeki her resim ve içerik kullanıcılar tarafından kullanıcılar için karşılanır ve bunlar yüksek standart ve kaliteye sahiptir. Veritabanı şeması ve internet sitesi GPL lisansı altında açık kaynaklıdır.</description>
    <description lang="uk">TheTVDB.com — джерело інформації про серіали. Це величезна база даних, що містить повні метадані про різні серіали багатьма мовами, яку може редагувати будь-хто. Увесь вміст і зображення на сайті, що відповідають найвищим стандартам якості, надали користувачі для користувачів. Схема бази даних і веб-сайт мають відкриті коди на умовах ліцензії GPL.</description>
    <description lang="vi">TheTVDB.com là trình lấy dữ liệu TV show. Site chứa một số lượng khổng lồ cơ sở dữ liệu mở, có thể được thay đổi bởi mọi người và đầy đủ dữ liệu lớn các show trên nhiều ngôn ngữ. Tất cả nội dung và hình ảnh trên site này đều được đóng góp bởi toàn bộ người dùng của nó và có chất lượng cao. Mô hình cơ sở dữ liệu và website đều là mã nguồn mở được hỗ trợ bởi GPL.</description>
    <description lang="zh">TheTVDB.com 是一个电视刮削器。该网站是一个巨大的开放式数据库，任何人都可以修改，包含多语言的许多电视剧集资料。网站设定了高品质标准，所有图片和内容都由用户提供。数据库结构和网站均在 GPL 许可下开源。</description>
    <description lang="zh_TW">TheTVDB.com是一個電視節目。該網站是一個龐大並可以由任何人修改的開放性資料庫，並包含可以以多國語言顯示的完整的數據資料。所有內容和圖片都是經由用戶提供使用，有一定的標準或質量。數據庫架構和網站是在GPL下的開放性源碼。</description>
    <platform>all</platform>
    <license>GPL v2.0</license>
    <forum></forum>
    <website></website>
    <email></email>
    <source></source>
  </extension>
</addon>
