﻿<?xml version="1.0" encoding="UTF-8"?>
<addon
  id="screensaver.greynetic"
  version="1.0.0"
  name="Greynetic"
  provider-name="spiff">
  <requires>
    <c-pluff version="0.1"/>
  </requires>
  <extension
    point="xbmc.ui.screensaver"
    library_linux="screensaver.greynetic.so"
    library_windx="screensaver.greynetic.dll"
    library_osx="screensaver.greynetic.dylib"/>
  <extension point="xbmc.addon.metadata">
    <summary>Greynetic screensaver</summary>
    <description>Greynetic screensaver</description>
    <platform>linux osx windx</platform>
  </extension>
</addon>
